Longitude,Latitude,Hotel Name
"-0,14821","51,50417", GB-Athenaeum
"-0,15813","51,51828", GB-Gloucester Place Hotel
"-0,20593","51,49335", GB-Aston Court
"-0,18191","51,51137", GB-Gresham Hyde Park
"-0,18226","51,49325", GB-Harrington Hall
"-0,12295","51,51748", GB-Bloomsbury
"-0,15021","51,49346", GB-James House
"-0,38092","51,87712", GB-Express By Holiday Inn-London Luton
"-0,13136","51,51123", GB-Manzis
"-0,46648","51,89287", GB-Regent Lodge Hotel
"-0,17434","51,51562", GB-Border Hotel
"-0,17247","51,51558", GB-Nayland Hotel
"-0,19264","51,49883", GB-Kensington Close Hotel
"-0,17527","51,49358", GB-Brompton Hotel
"-0,34966","51,65735", GB-Jarvis International
"-0,59227","51,40918", GB-The Wheatsheaf
"-0,12288","51,5291", GB-Macdonald
"-0,2701","51,03", GB-Cisswood House
"-0,212","51,91746", GB-Abbington Hotel
"-0,20968","51,55192", GB-Mountrose Hotel
"-0,45101","51,48398", GB-Travelodge-London Heathrow
"-0,1616","51,49976", GB-L'hotel
"-0,28053","51,56253", GB-Premier Travel Inn
"-0,46831","51,74792", GB-Hemel Hempstead
"-0,40664","51,51793", GB-Premier Travel Inn
"-0,47968","51,48306", GB-Heathrow Hotel
"-0,18375","51,51355", GB-Leisure Inn
"-0,12415","51,5232", GB-Russell House Hotel
"-0,04081","51,82871", GB-Hanbury Manor Hotel & Country Club
"-0,34765","51,6571", GB-Watford
"-0,3595","51,81911", GB-Hanover International Hotel
"0,01609","51,50741", GB-London Excel
"-0,20901","51,46806", GB-London Putney Bridge
"-0,1157","51,5847", GB-White Lodge Hotel
"-0,14092","51,49416", GB-Park Plaza
"-0,12135","51,52038", GB-Bloomsbury Park
"-0,1877","51,51352", GB-Jubilee Court Hotel
"-0,05712","51,53653", GB-Konuralp
"-0,15613","51,51245", GB-London Park Lane
"-0,0952","51,50007", GB-London City Hotel
"-0,16872","51,52904", GB-London Regents Park Hilton
"-0,13849","51,49056", GB-Victor
"-0,15633","51,51571", GB-Portman Hotel
"-0,19209","51,51288", GB-Bayswater Inn
"-0,41402","51,07408", GB-Random Hall
"-0,29735","51,41039", GB-London Kingston
"-0,2503","51,65638", GB-Elstree
"-0,13475","51,4939", GB-Rochester
"-0,01571","51,57341", GB-Sleeping Beauty Motel
"-0,33679","51,48275", GB-Osterley Four Pillars
"0,24647","51,4534", GB-Hilton Dartford Bridge
"-0,07929","51,51069", GB-Apex City Of London Hotel
"-0,15587","51,52102", GB-Blandford
"-0,17355","51,51607", GB-Tony's House Hotel
"-0,18999","51,53541", GB-London Marriott Maida Vale
"-0,12717","51,52644", GB-Cresent Hotel
"-0,21026","51,55234", GB-Cricklewood Lodge
"-0,27725","51,94455", GB-Lord Lister
"-0,02736","51,50594", GB-Four Seasons Canary Wharf
"-0,1656","51,55103", GB-London - Hampstead
"0,01908","51,47434", GB-Bardon Lodge
"0,02129","51,41141", GB-Avis Hotel
"-0,16196","51,51595", GB-London Marble Arch
"-0,47097","51,74942", GB-Travelodge
"-0,32725","51,58128", GB-Northwick Park
"0,18814","51,5775", GB-Romford
"-0,33868","51,74916", GB-St Albans
"-0,28286","51,60947", GB-Madonna Halleys Hotel
"-0,18577","51,13684", GB-Ibis-London Gatwick
"-0,29438","51,55181", GB-Wembley Hotel
"-0,18868","51,88301", GB-Roebuck Inn
"-0,44093","51,4812", GB-International Plaza Hotel Heathrow
"-0,188","51,49456", GB-Snows Hotel
"0,25545","51,45775", GB-Campanile Dartford Bridge
"-0,19068","51,49251", GB-Maranton House Hotel
"-0,14576","51,49045", GB-Windermere Hotel
"-0,18914","51,50979", GB-Hyde Park
"-0,15836","51,50189", GB-Mandarin Oriental Hyde Park
"-0,09225","51,14167", GB-Copthorne Effingham Park
"-0,14705","51,58692", GB-Muswell Hill Hotel
"0,07749","51,54294", GB-Barking Park Hotel
"-0,12096","51,51907", GB-Grange Holborn
"-0,12367","51,52116", GB-Waverley House
"-0,12421","51,5225", GB-Celtic Hotel
"0,0108","51,5122", GB-Express By Holiday Inn Royal Docks
"-0,55229","51,37344", GB-Foxhills
"-0,14758","51,49576", GB-Tophams Ebury Court
"-0,34218","51,40421", GB-Carlton Mitre
"0,27762","51,61285", GB-Marygreen Manor
"-0,07911","51,49923", GB-Premier Travel Inn
"-0,1715","51,60646", GB-Finchley
"-0,17113","51,51611", GB-Belmont Hotel
"-0,12926","51,51736", GB-Jurys Great Russell Street
"-0,04588","51,78285", GB-Jolly Pinder
"-0,14233","51,49225", GB-Marne Hotel
"-0,21257","51,42063", GB-Trochee Hotel
"-0,18348","51,51264", GB-Henry The Eighth Hotel
"-0,15638","51,50177", GB-Berkeley
"-0,26612","51,56586", GB-Adelphi Hotel
"-0,07256","51,5065", GB-Tower
"-0,21644","51,42168", GB-Trochee Hotel
"-0,23304","51,7683", GB-Premier Travel Inn
"-0,31087","51,48759", GB-Kings Arms
"-0,15778","51,51752", GB-Lincoln House
"0,19355","51,26616", GB-Royal Oak
"-0,28499","51,71853", GB-St Albans
"-0,11859","51,52976", GB-London Kings Cross
"-0,13669","51,48728", GB-Dolphin Square
"-0,37185","51,47796", GB-Master Robert Hotel
"-0,19547","51,488", GB-Sara Hotel
"-0,4501","51,7167", GB-Langleys
"-0,03743","51,13909", GB-East Grinstead
"-0,15633","51,49309", GB-Sloane Square
"-0,48228","51,45549", GB-Stanwell Hall Hotel
"-0,07389","51,42631", GB-Astra Palace
"-0,19123","51,51006", GB-London Embassy
"-0,11359","51,35686", GB-Premier Travel Inn
"-0,15634","51,49097", GB-Annandale House Hotel
"0,19364","51,87207", GB-Days Inn-London Stansted
"-0,15301","51,50242", GB-The Lanesborough
"-0,11135","51,49621", GB-London Waterloo
"-0,20631","51,45752", GB-The Lodge
"0,09785","51,78037", GB-Harlow Travelodge
"-0,14405","51,49774", GB-Thistle
"-0,19762","51,49395", GB-Town House
"-0,25871","51,50653", GB-Acton Park Hotel
"-0,14895","51,50357", GB-London
"-0,19758","51,48668", GB-Hotel Lily
"-0,16019","51,52298", GB-Somerset Hotel
"0,21327","51,87595", GB-Hilton-London Stansted
"-0,1468","51,51426", GB-Berkshire Hotel
"-0,45344","51,48154", GB-London - Heathrow
"-0,15024","51,50507", GB-Metropolitan
"-0,19213","51,51418", GB-Westminster Hotel
"-0,17014","51,54179", GB-London Marriott Regents Park
"-0,32124","51,74207", GB-St Albans
"-0,19651","51,49229", GB-Garden Court Hotel
"-0,22223","51,49941", GB-Batoum Lodge Hotel
"-0,38212","51,8764", GB-Ibis-London Luton
"-0,17028","51,11386", GB-Express By Holiday Inn
"-0,1599","51,51522", GB-Palace Hotel
"-0,16305","51,5016", GB-Knightsbridge Green
"-0,18846","51,51285", GB-Phoenix Hotel
"-0,19459","51,4919", GB-Grand Tourist Hotel
"-0,2112","51,42008", GB-Justin James Hotel
"-0,441","51,45847", GB-Hilton-London Heathrow
"-0,13039","51,52686", GB-Hilton London Euston
"-0,1899","51,49374", GB-Silver Fern
"-0,0754","51,37924", GB-Freshford Hotel
"0,06836","51,56023", GB-Kinross Hotel
"-0,16408","51,49798", GB-Claverley
"-0,3844","51,69049", GB-Watford
"-0,15698","51,15683", GB-Hilton-London Gatwick
"-0,15806","51,51812", GB-Hart House
"-0,15008","51,50419", GB-Four Seasons
"-0,18389","51,50035", GB-Kensington Palace
"-0,15268","51,23584", GB-Hunters Lodge
"-0,06782","51,10721", GB-Alexander House
"-0,1525","51,50729", GB-The Dorchester
"0,04639","51,57647", GB-Ilford
"-0,10022","51,52015", GB-Lindsey Hotel
"-0,13829","51,49046", GB-Huttons Hotel
"0,06615","51,56636", GB-Rossmore Hotel
"-0,57131","51,50406", GB-Skyways Hotel
"-0,42616","51,67856", GB-The Grove
"-0,19629","51,49174", GB-Twenty Nevern Square Hotel
"-0,21658","51,92351", GB-Premier Travel Inn
"-0,38079","51,87676", GB-London - Luton Airport
"-0,1937","51,49074", GB-Lord Jim
"0,26935","51,47639", GB-London Thurrock
"-0,2123","51,50141", GB-Hotel 128
"-0,17215","51,51575", GB-Royal Cambridge Hotel
"-0,18115","51,49583", GB-Strathmore Hotel
"-0,30507","51,48368", GB-Brentford
"-0,26958","51,48167", GB-Grove Park Hotel
"-0,13971","51,50559", GB-Dukes Hotel
"0,00227","51,66842", GB-Premier Travel Inn
"-0,10237","51,56596", GB-Queens Hotel
"-0,20761","51,49685", GB-Thames Hotel
"-0,14998","51,50382", GB-Hotel Inter-Continental
"-0,12451","51,50579", GB-Thistle
"-0,45916","51,29976", GB-Hautboy
"-0,08636","51,13876", GB-Effingham Park London
"-0,06916","51,36271", GB-Premier Travel Inn
"-0,27196","51,32829", GB-Premier Travel Inn
"-0,17761","51,51152", GB-Plaza On Hyde Park
"-0,15904","51,49717", GB-Cadogan
"0,16725","51,91887", GB-Yew Tree Inn
"-0,19927","51,48616", GB-Ibis London Earls Court
"-0,2361","51,16522", GB-Stanhill Court
"-0,46846","51,89293", GB-Travelodge
"-0,15325","51,51788", GB-Durrants
"-0,1404","51,50565", GB-Stafford
"-0,42711","51,96764", GB-Bull Hotel
"-0,17845","51,51307", GB-Paddington Court Hotel & Suites
"-0,20522","51,54447", GB-Bishops Lodge Hotel
"-0,14181","51,49344", GB-London - Victoria
"-0,56487","51,23906", GB-Carlton
"-0,16046","51,50186", GB-Mandarin Oriental Hyde Park
"0,26582","51,45156", GB-Travelodge
"-0,08158","51,52626", GB-London City
"0,06535","51,56759", GB-Park Hotel
"-0,17122","51,54849", GB-Dillons Hotel
"-0,19337","51,57064", GB-Anchor Hotel
"-0,19715","51,51137", GB-Hotel Slavia
"-0,46765","51,89297", GB-Travelodge
"-0,15724","51,50125", GB-Park Tower
"-0,12374","51,52991", GB-Belgrove Hotel
"0,01965","51,54561", GB-Forest View Hotel
"0,15573","51,44586", GB-London - Bexley
"-0,15683","51,49288", GB-Sloan Square Moat House
"-0,19798","51,10932", GB-Premier Travel Inn-London Gatwick
"-0,14301","51,51127", GB-Westbury
"-0,18295","51,51106", GB-Thistle
"-0,18277","51,52254", GB-Brindle House Hotel
"-0,22465","51,50692", GB-Wood Lane Hotel
"-0,45317","51,5", GB-Crowne Plaza-London Heathrow
"-0,26174","51,01524", GB-South Lodge
"-0,32593","51,75678", GB-Ardmore House
"-0,2037","51,90344", GB-Ibis Stevenage Centre
"-0,20254","51,24903", GB-Reigate Manor Hotel
"-0,1531","51,5213", GB-Regency
"0,03949","51,27061", GB-Premier Travel Inn Clacket Lane W
"-0,42349","51,82227", GB-Express By Holiday Inn
"-0,43051","51,48066", GB-Ibis-London Heathrow
"-0,40163","51,6564", GB-White House
"-0,13573","51,51868", GB-Rathbone Hotel
"-0,14883","51,49457", GB-B&B
"-0,15478","51,49674", GB-Belgravia Hotel
"-0,06264","51,33917", GB-Selsdon Park
"-0,44622","51,48085", GB-Renaissance Hotel-London Heathrow
"-0,12396","51,52931", GB-Central Hotel
"-0,08973","51,47391", GB-New Dome Hotel
"0,20202","51,58719", GB-Gidea Park Hotel
"-0,16947","51,51936", GB-London Metropole
"-0,45949","51,49821", GB-London Heathrow
"-0,24143","51,74566", GB-Quality Hotel Hatfield
"0,27105","51,36281", GB-Brandshatch Place
"-0,18732","51,49461", GB-Kensington Rooms
"-0,2805","51,39793", GB-Berrylands Hotel
"-0,17148","51,51588", GB-Pacific Hotel
"-0,28639","51,95945", GB-Firs Hotel
"0,25509","51,35837", GB-Brands Hatch
"-0,40014","51,34111", GB-Cobham
"-0,00966","51,45914", GB-Grove Hotel
"-0,20358","51,51227", GB-Portobello
"-0,1365","51,52891", GB-Thistle Euston
"-0,51718","51,88682", GB-Hanover International Hotel
"-0,29112","51,51154", GB-Ramada Jarvis
"-0,17968","51,51552", GB-Hyde Park (Paddington) Hotel
"-0,14218","51,50923", GB-Raffles Browns
"-0,1338","51,42096", GB-Barrow House
"-0,16667","51,55165", GB-Holiday Inn London Hampstead
"-0,56138","51,2485", GB-Guildford
"-0,19206","51,49888", GB-Copthorne Tara
"0,07335","51,55758", GB-London Ilford Central
"0,07355","51,55738", GB-Travelodge
"-0,39639","51,48773", GB-Heston Travelodge
"-0,13084","51,52074", GB-Langlands
"-0,14297","51,51765", GB-St Georges
"-0,16841","51,12603", GB-Jarvis Gatwick
"-0,43986","51,48102", GB-Heathrow
"-0,09427","51,47948", GB-Pasha
"-0,13973","51,51879", GB-Langham Court
"-0,20607","51,10959", GB-Gatwick South
"-0,33226","51,58183", GB-Cumberland
"-0,15834","51,49467", GB-Durley House
"-0,14815","51,18071", GB-Langshott Manor
"-0,0934","51,5069", GB-Premier Travel Inn
"-0,32202","51,25475", GB-Heritage Burford Bridge
"-0,02002","51,6764", GB-Enfield
"-0,12271","51,48042", GB-Vauxhall
"-0,12965","51,52775", GB-Premier Travel Inn Capital
"-0,22175","51,68702", GB-Days Inn South Mimms A1(M)/M25
"-0,1235","51,52968", GB-Hotel California
"0,0248","51,50808", GB-Novotel London Excel
"0,21679","51,44441", GB-Royal Victoria & Bull Hotel
"-0,5792","51,50917", GB-Premier Travel Inn
"0,07387","51,53423", GB-London East Barking
"-0,16396","51,51634", GB-Marble Arch Marriott
"-0,13571","51,52852", GB-Euston
"-0,15762","51,51714", GB-Wigmore Court Hotel
"-0,20726","51,11159", GB-Premier Travel Inn Gatwick South
"-0,13517","51,509", GB-22 Jermyn Street
"-0,13629","51,49404", GB-Grange Rochester
"-0,20772","51,35956", GB-Thatched House
"-0,20793","51,53873", GB-Igar Hotels
"-0,13046","51,51166", GB-Premier Shaftesbury Hotel
"0,01823","51,59394", GB-Grove Hill Hotel
"-0,11091","51,60734", GB-Maryland Lodge
"-0,08017","51,01419", GB-Bent Arms Hotel
"-0,17312","51,51482", GB-Albro House Hotel
"-0,12612","51,52617", GB-Harlingford
"0,07641","51,55783", GB-Woodlands Hotel
"-0,59341","51,40866", GB-The Wheatsheaf
"-0,02526","51,38911", GB-Beckenham
"-0,36328","51,72118", GB-St Albans
"-0,40515","51,45306", GB-Chenin Hounslow Hotel
"-0,14314","51,51943", GB-Hallam Hotel
"-0,11213","51,52587", GB-London-Kings Cross Bloomsbury
"-0,19302","51,5135", GB-Pembridge Palace Hotel
"-0,44857","51,55252", GB-Master Brewer
"-0,3044","51,45712", GB-Riverside Hotel
"-0,28784","51,55651", GB-Wembley
"-0,26043","51,66231", GB-Borehamwood
"-0,40063","51,58307", GB-Tudor Lodge
"-0,5785","51,50982", GB-Premier Travel Inn
"-0,14396","51,45729", GB-Windmill On The Common
"-0,16009","51,51585", GB-Concorde
"-0,0994","51,56808", GB-Costello Palace
"-0,12236","51,62477", GB-Southgate
"-0,14788","51,50508", GB-London Mews
"-0,07571","51,51014", GB-London Tower Bridge
"-0,10236","51,43727", GB-Longwood Hotel
"-0,42379","51,4805", GB-London Heathrow Airport
"-0,50505","51,39285", GB-Old Swan Hotel
"-0,11433","51,52711", GB-London Ryan
"-0,17485","51,49454", GB-Pelham
"-0,44157","51,48103", GB-Radisson Edwardian-London Heathrow
"-0,1371","51,52929", GB-Thistle
"-0,19105","51,51228", GB-Bayswater
"-0,17476","51,1639", GB-Premier Travel Inn-London Gatwick
"-0,12327","51,52082", GB-Bloomsbury Park
"-0,27892","51,50542", GB-Mill Hill Hotel
"-0,15867","51,49843", GB-Hyatt Carlton Tower
"-0,25703","51,40417", GB-Railway Hotel
"-0,44853","51,49662", GB-Premier Travel Inn
"-0,20184","51,65595", GB-Savoro Restaurant
"0,25898","51,13444", GB-Royal Wells Inn
"-0,12339","51,52339", GB-London - Bloomsbury
"-0,19511","51,49177", GB-Rushmore Hotel
"-0,10799","51,53155", GB-Jurys Inn London
"-0,17832","51,51514", GB-Hite Hotel
"-0,12745","51,51666", GB-Jurys Great Russell Street Hotel
"0,06673","51,56093", GB-Cranford Hotel
"-0,17136","51,51575", GB-Darlington Hyde Park
"-0,15326","51,52227", GB-Prince Regent Hotel
"0,1573","51,712", GB-Harlow East Stansted
"-0,19153","51,4946", GB-The Hogarth
"-0,52724","51,67333", GB-Bedford Arms
"0,03","51,54689", GB-Mccreadie
"-0,45268","51,499", GB-London - Heathrow
"-0,21167","51,5046", GB-London Kensington
"-0,17995","51,491", GB-Cranley Gardens
"-0,11872","51,51784", GB-Citadines Apart'hotel
"-0,45577","51,37395", GB-Ship
"0,26819","51,47582", GB-London Thurrock M25
"-0,1355","51,51848", GB-Rathbone
"-0,17118","51,11425", GB-Express By Holiday Inn
"-0,17472","51,5157", GB-Hotel Sophia
"0,15149","51,78084", GB-Churchgate Hotel
"-0,17269","51,51546", GB-Olympic House
"-0,14916","51,517", GB-Holiday Inn
"0,29484","51,92306", GB-Whitehall
"-0,12391","51,13372", GB-London Gatwick
"-0,15421","51,51486", GB-Selfridge
"-0,36481","51,72088", GB-St Albans Thistle
"-0,08277","51,3796", GB-Blizz Hotel
"-0,09527","51,50596", GB-Southwark Rose Hotel
"-0,12439","51,52985", GB-Florence Hotel
"-0,13004","51,50972", GB-Piccadilly
"-0,14489","51,50616", GB-Flemings
"-0,31801","51,74024", GB-Avalon
"-0,15749","51,49806", GB-The Carlton Tower
"-0,10484","51,39686", GB-Jilomi Hotel
"-0,1656","51,46151", GB-Barclay Court
"-0,39429","51,6614", GB-Wellington Arms
"-0,19022","51,51363", GB-West Two Hotel
"0,03347","51,0993", GB-Chequers Inn
"-0,18515","51,13911", GB-Premier Travel Inn-London Gatwick
"-0,53434","51,4883", GB-Heathrow
"-0,25567","51,54072", GB-Helens Hotel
"0,02671","51,06882", GB-Beechwood Inn
"-0,17269","51,51427", GB-Barry House Hotel
"0,02903","51,54667", GB-St Andrews Hotel
"-0,33607","51,70741", GB-Premier Travel Inn
"-0,15531","51,50938", GB-Grosvenor House
"-0,09954","51,35751", GB-Hayesthorpe Hotel
"-0,14342","51,59167", GB-Raglan Hall
"-0,42711","51,37473", GB-Weybridge
"-0,28372","51,55523", GB-Wembley Plaza
"-0,36678","51,46812", GB-Premier Travel Inn
"-0,13925","51,49092", GB-Central House Hotel
"-0,15673","51,49084", GB-Willett Hotel
"-0,43472","51,33413", GB-Hilton National Cobham
"-0,39751","51,55865", GB-Days Inn
"-0,14612","51,50728", GB-Washington Mayfair
"-0,17286","51,51537", GB-Beverley House Hotel
"-0,14128","51,49176", GB-Hamilton House
"-0,23123","51,49231", GB-London - Hammersmith
"-0,09019","51,49414", GB-Driscoll House
"-0,12603","51,52031", GB-Montague Managed Services
"-0,55193","51,58952", GB-Ethorpe
"-0,32862","51,23189", GB-White Horse Hotel Dorking
"0,01159","51,49182", GB-London - Greenwich-A102(M)
"0,17613","51,57833", GB-Mawney Hotel
"-0,16214","51,54458", GB-Clive
"-0,10067","51,34932", GB-Innkeepers Lodge Croydon South
"-0,43267","51,48072", GB-Holiday Inn Ariel-London Heathrow
"-0,12545","51,51969", GB-Grange White Hall
"-0,4029","51,87365", GB-Premier Travel Inn
"-0,12298","51,52046", GB-Bedford Hotel
"-0,50952","51,43059", GB-Thames Lodge Hotel
"-0,17735","51,51293", GB-Rca Hotels
"-0,12459","51,5177", GB-Thistle Bloomsbury
"-0,16283","51,18117", GB-London Gatwick
"-0,14122","51,57368", GB-Winchester Hotel
"-0,15027","51,50034", GB-The Halkin
"-0,1232","51,50785", GB-Charing Cross
"-0,06024","51,5662", GB-New Springfield Hotel
"-0,5624","51,23891", GB-Bearstead
"-0,19524","51,50896", GB-Notting Hill
"-0,19438","51,49217", GB-Rushmore
"-0,19061","51,49308", GB-Enterprise
"-0,00516","51,53422", GB-London - Stratford
"-0,19071","51,49465", GB-Derby Hotel
"-0,12387","51,51989", GB-Clarendon
"-0,3856","51,69143", GB-Premier Travel Inn
"-0,35902","51,66485", GB-Watford
"-0,3438","51,37992", GB-Haven
"-0,14088","51,52105", GB-Fitzrovia
"-0,10417","51,57693", GB-London Shelton Hotel
"-0,14958","51,51792", GB-Jurys Clifton Ford
"0,1908","51,72419", GB-Travelodge Harlow East
"0,11461","51,39388", GB-Mary Rose Hotel
"0,12667","51,7561", GB-Harlow
"0,12604","51,4362", GB-Albany Hotel
"-0,18049","51,51093", GB-Lancaster Gate
"-0,01396","51,57461", GB-Sleeping Beauty Motel
"-0,18885","51,12568", GB-Holiday Inn-London Gatwick
"-0,19698","51,49797", GB-Tara
"-0,18508","51,50162", GB-Thistle Kensington Palace
"-0,19087","51,4924", GB-Burns
"-0,1988","51,4919", GB-Exhibition Court Hotel
"-0,16486","51,52185", GB-Harewood
"0,02623","51,51001", GB-Custom House Hotel
"-0,18829","51,5342", GB-Carlton
"0,14949","51,78119", GB-Swallow Churchgate Hotel
"-0,20302","51,48633", GB-Holiday Inn
"-0,52171","51,74607", GB-Watermill
"-0,42422","51,48062", GB-Premier Travel Inn
"-0,16482","51,18122", GB-Thistle-London Gatwick
"-0,57383","51,45083", GB-Hayley Conf Centre-Beaumont House
"0,24665","51,45229", GB-Dartford Bridge
"-0,20193","51,90308", GB-Stevenage Centre
"-0,19505","51,49403", GB-Kensington
"-0,44529","51,82878", GB-Hertfordshire
"-0,08218","51,41605", GB-Crystal Palace Tower Hotel
"-0,1858","51,50128", GB-Kensington House Hotel
"-0,10531","51,42428", GB-Norwood Hotel
"-0,17896","51,16784", GB-Holiday Inn-London Gatwick
"-0,1841","51,49077", GB-Hotel 167
"-0,17078","51,51525", GB-Delmere Hotel
"0,0051","51,54217", GB-Ibis London Stratford
"-0,15316","51,52164", GB-Parkside Hotels
"-0,21997","51,30379", GB-Premier Travel Inn
"-0,12692","51,51028", GB-St Martins Lane Hotel
"-0,12277","51,52851", GB-Park Hotel
"-0,2505","51,65624", GB-Elstree Moat House
"-0,10323","51,5357", GB-London Islington
"-0,18362","51,51312", GB-Blakemore Hotel
"-0,20139","51,24846", GB-Reigate Manor Hotel
"-0,1602","51,51609", GB-Bryanston Court
"-0,15114","51,51083", GB-Millennium London Mayfair
"-0,33303","51,50368", GB-Boston Manor Com
"-0,27616","51,60802", GB-Premier Travel Inn
"-0,16781","51,49688", GB-Egerton House
"0,26906","51,61115", GB-Brentwood M25 Jct 28
"-0,19126","51,51297", GB-Kensington Court Hotel
"-0,1535","51,50937", GB-The Grosvenor House
"-0,19726","51,52779", GB-Chippenham
"0,21195","51,8765", GB-London Stansted Airport
"-0,09351","51,50497", GB-London City South
"-0,06983","51,5164", GB-City Hotel
"-0,48593","51,8917", GB-Premier Travel Inn
"-0,23666","51,84996", GB-Bell Inn Country Hotel
"-0,17353","51,51478", GB-Westpoint Hotel
"-0,22219","51,49888", GB-Orlando Hotel
"0,23227","51,48261", GB-Purfleet
"0,02205","51,50785", GB-London - Royal Docks - Excel
"-0,14241","51,52105", GB-Grange Fitzrovia
"-0,53567","51,48819", GB-Quality Hotel Heathrow
"-0,19594","51,36214", GB-Holiday Inn
"0,23116","51,48302", GB-Premier Travel Inn
"0,15377","51,45447", GB-Bexleyheath
"-0,12135","51,5742", GB-Aber Hotel
"-0,14224","51,0058", GB-Ockenden Manor
"-0,1969","51,51127", GB-Lennox
"-0,12226","51,52943", GB-Howard Winchester Hotel
"-0,12191","51,52908", GB-Hotel Montana
"-0,19012","51,49511", GB-Country Inn & Suites Kensington
"0,16242","51,30097", GB-Donnington Manor Hotel
"-0,15785","51,49904", GB-Lowndes
"-0,12539","51,50668", GB-The Trafalgar
"0,06729","51,57691", GB-Family Hotels
"-0,15783","51,51476", GB-Leonard
"-0,15385","51,3673", GB-Dukes Head
"-0,19173","51,51422", GB-Lords
"-0,54793","51,49297", GB-Heathrow Slough Marriott Hotel
"-0,18872","51,48065", GB-La Reserve Hotel
"-0,1801","51,51236", GB-London Guards Hotel
"0,02847","51,6808", GB-Waltham Abbey
"-0,07729","51,51074", GB-Novotel London Tower Bridge
"-0,44046","51,03786", GB-Travelodge
"-0,10144","51,50602", GB-Express By Holiday Inn
"-0,14817","51,51258", GB-Claridge's
"-0,17988","51,46566", GB-Travelodge London Battersea
"-0,03288","51,83255", GB-Marriott Hanbury Manor
"-0,17933","51,51079", GB-Hyde Park
"-0,01986","51,6029", GB-London Chingford
"-0,1845","51,11122", GB-Arora-London Gatwick
"0,03886","51,50806", GB-Premier Travel Inn
"-0,15572","51,5142", GB-Savoy Court
"-0,18957","51,51356", GB-Phoenix
"-0,15014","51,51705", GB-Bentinck House Hotel
"-0,58435","51,46352", GB-Old Windsor
"-0,50107","51,99702", GB-Flitwick Manor
"-0,14693","51,50466", GB-Park Lane
"-0,17797","51,4172", GB-London - Wimbledon - South
"-0,16618","51,11691", GB-Three Bridges Lodge
"-0,16878","51,49622", GB-Franklin
"-0,17989","51,50006", GB-Gore
"-0,49944","51,94765", GB-Travelodge Toddington M1 Southbound
"-0,28317","51,53782", GB-Express By Holiday Inn
"-0,18151","51,4756", GB-London
"-0,17336","51,51618", GB-Dolphin Hotel
"0,25719","51,12604", GB-Swan
"-0,18173","51,14599", GB-Travelodge-London Gatwick
"-0,34582","51,53685", GB-Bridge
"0,03194","51,62556", GB-Express By Holiday Inn
"-0,19484","51,49206", GB-K&K Hotel George
"-0,18617","51,51107", GB-Berjaya Eden Hotel
"-0,14218","51,5173", GB-Langham
"-0,18073","51,51311", GB-Cordova House Hotel
"0,20094","51,58682", GB-Gidea Park Hotel
"-0,08909","51,474", GB-New Dome Hotel
"-0,38893","51,65102", GB-White House Hotel
"-0,1967","51,51027", GB-Abbey Court
"-0,05346","51,30899", GB-Wesleyan Hotel
"-0,14298","51,49126", GB-Surtees Hotel
"-0,10437","51,51208", GB-Crowne Plaza
"-0,1937","51,49262", GB-My Place Hotel
"-0,19318","51,25554", GB-Bridge House Hotel
"-0,28475","51,55257", GB-London Wembley
"0,26864","51,47741", GB-Formule 1 London Thurrock M25
"-0,18157","51,5127", GB-London House
"-0,00155","51,51186", GB-Travelodge London Dockland
"-0,18184","51,49481", GB-London - Kensington
"-0,17293","51,49748", GB-Gloucester
"-0,44699","51,19191", GB-Hurtwood Inn
"-0,14815","51,51729", GB-Jurys Clifton Ford Hotel & Health Club
"-0,12027","51,51596", GB-Kingsway Hall
"-0,09609","51,37551", GB-Jurys Inn Croydon
"-0,18377","51,13621", GB-London Gatwick
"0,27752","51,19627", GB-Rose And Crown Hotel
"-0,12015","51,51947", GB-Holborn
"-0,12512","51,51955", GB-Ruskin Hotel
"-0,18022","51,5477", GB-London - Swiss Cottage
"-0,3223","51,53313", GB-Premier Travel Inn
"-0,12968","51,51726", GB-Country Inns & Suites
"-0,2046","51,56338", GB-Garth Hotel
"-0,16469","51,36498", GB-Greyhound Hotel
"-0,19525","51,49546", GB-Amber Hotel
"0,01159","51,5132", GB-London - Royal Docks
"-0,44023","51,03821", GB-Billingshurst North
"-0,19698","51,25324", GB-Reigate Manor
"-0,12815","51,51774", GB-Radisson Edwardian Kenilworth
"-0,43753","51,4809", GB-Marriott Hotel-London Heathrow
"-0,25139","51,49276", GB-Chiswick Hotel
"-0,24971","51,49697", GB-Chiswick Court Hotel
"-0,14426","51,49314", GB-Comfort Inn
"-0,18557","51,49559", GB-Kensington Manor
"-0,10187","51,35448", GB-Hayesthorpe Hotel
"-0,14449","51,51235", GB-Imperial Hotel Tokyo
"-0,16023","51,514", GB-Thistle Marble Arch
"-0,44462","51,82854", GB-Holiday Inn
"-0,57294","51,92204", GB-Travelodge
"-0,26374","51,6292", GB-Days Inn London Gateway M1
"-0,072","51,51535", GB-Ibis London City
"-0,17284","51,51647", GB-St Georges Hotel
"-0,17355","51,16968", GB-Acorn Lodge Gatwick
"0,18624","51,57798", GB-Premier Travel Inn
"0,01738","51,47511", GB-Bardon Lodge
"-0,12291","51,51965", GB-Cosmo Bedford House Hotel
"-0,35277","51,81257", GB-Corus Hotel Harpenden
"-0,5951","51,50445", GB-Brambles Hotel
"-0,32547","51,73447", GB-Sopwell House
"-0,29832","51,45174", GB-Petersham
"0,02701","51,51002", GB-Quality
"-0,1769","51,61724", GB-Glenlyn Hotel
"-0,00941","51,48005", GB-Ibis London Greenwich
"-0,13822","51,50784", GB-De Vere Cavendish St James
"-0,25779","51,61764", GB-Emperors Gate
"-0,32155","51,53246", GB-Greenford
"-0,12537","51,52251", GB-Hotel Russell
"-0,17076","51,51632", GB-Classic Hotel
"0,19653","51,58327", GB-Repton Private Hotel
"-0,09003","51,36563", GB-South Park Hotel
"-0,14622","51,14344", GB-Premier Travel Inn Crawley
"-0,15921","51,51374", GB-Cumberland
"0,05115","51,4493", GB-Yardley Court
"-0,19487","51,49172", GB-Mayflower Hotel
"-0,21907","51,54791", GB-Star Hotel
"-0,42916","51,49373", GB-London Heathrow
"-0,18443","51,4908", GB-Swiss House Hotel
"-0,13826","51,50535", GB-Dukes
"-0,14404","51,49086", GB-Georgian House Hotel
"-0,13659","51,49457", GB-Global Grange
"-0,14543","51,49146", GB-Jubilee Hotel
"-0,31734","51,2356", GB-Dorking
"0,26664","51,45129", GB-Dartford
"-0,41252","51,787", GB-Hemel Hempstead
"-0,20882","51,88717", GB-Novotel Stevenage
"-0,18737","51,50235", GB-Royal Garden Hotel
"0,28124","51,18237", GB-Premier Travel Inn Tunbridge Wells
"-0,195","51,49218", GB-K And K Hotel George
"-0,1963","51,49348", GB-James Hotel
"-0,19143","51,49207", GB-Henley House Hotel
"-0,1506","51,51252", GB-Grosvenor Square
"-0,17833","51,51403", GB-Mina House Hotel
"-0,30106","51,45151", GB-Rose Of York
"-0,0967","51,57011", GB-Redland
"-0,23302","51,32622", GB-Driftbridge
"-0,59525","51,50856", GB-Slough
"-0,16397","51,23809", GB-Redhill
"-0,20766","51,83352", GB-Welwyn
"-0,38955","51,65371", GB-Watford
"-0,18044","51,55001", GB-Comfort Inn Hampstead
"-0,12944","51,52613", GB-Ambassadors Hotel
"-0,22008","51,30363", GB-Epsom South
"-0,30239","51,54501", GB-Norton House Hotel
"-0,11921","51,51134", GB-One Aldwych
"-0,13408","51,5136", GB-Casa Del Habano
"0,27168","51,49255", GB-Travelodge Thurrock M25
"-0,35071","51,70606", GB-Bricketwood (Nr Radlett)
"-0,13264","51,51662", GB-Marble Arch
"-0,20781","51,49805", GB-London Visitors Hotel
"-0,27893","51,56141", GB-Wembley
"0,06727","51,43578", GB-Meadow Croft Lodge
"0,0068","51,54191", GB-London Stratford
"-0,22198","51,50107", GB-Hotel Balkan
"-0,07988","51,51803", GB-196 Bishopsgate
"-0,09812","51,56907", GB-Majestic
"0,2141","51,79565", GB-Down Hall Hotel
"-0,16038","51,49302", GB-London Outpost Of The Carnegie Club
"-0,09189","51,36146", GB-Alpine Hotel
"-0,38669","51,28785", GB-Bookham Grange
"-0,18353","51,49371", GB-London - Kensington Forum
"-0,24506","51,49385", GB-St Peters Hotel
"-0,16009","51,51565", GB-Glynne Court Hotel
"-0,13122","51,51991", GB-Olivelli's
"-0,38197","51,87656", GB-Luton Airport
"0,19666","51,27596", GB-Sevenoaks Park
"0,2487","51,87628", GB-London-Stansted Airport
"-0,14347","51,49125", GB-Colliers Hotel
"-0,19224","51,11219", GB-Short Stay (Uk)
"-0,06995","51,36201", GB-Croydon
"-0,19581","51,49099", GB-Mayflower Hotel
"-0,17044","51,54193", GB-Regents Park
"-0,50608","51,23761", GB-The Manor
"-0,23034","51,76752", GB-Hatfield
"-0,23149","51,49263", GB-Express By Holiday Inn
"-0,36209","51,76111", GB-Pre
"-0,29848","51,462", GB-Shandon House Hotel
"-0,14129","51,49219", GB-Romany House
"-0,18505","51,51076", GB-Central Park
"-0,11016","51,52645", GB-Lintons House
"-0,45024","51,49692", GB-London Heathrow Airport 1
"-0,00598","51,46312", GB-Jadzia Kopiel
"-0,15808","51,49394", GB-Phoenix House
"0,06752","51,56371", GB-Banks Hotel
"-0,08229","51,41591", GB-Queens Hotel
"-0,17832","51,51194", GB-Mornington
"0,0596","51,57742", GB-Travelodge
"-0,20386","51,39118", GB-London Wimbledon
"-0,20745","51,49767", GB-Holland Court
"-0,50495","51,39264", GB-Windsors
"-0,57206","51,31659", GB-Woking
"-0,21521","51,92349", GB-Stevenage
"-0,17541","51,49267", GB-Five Sumner Place
"-0,16381","51,42482", GB-Mitre Hotel
"-0,1424","51,4924", GB-Winchester
"-0,30523","51,45783", GB-Richmond Park
"-0,19548","51,49143", GB-Plaza Hotel
"-0,07967","51,63979", GB-Oak Lodge
"-0,0712","51,51098", GB-Comfort Hotel Tower Of London
"-0,16956","51,51908", GB-London Metropole
"-0,16571","51,1171", GB-Three Bridges Lodge
"-0,14396","51,00649", GB-Ockenden Manor
"-0,12564","51,51985", GB-Grange Blooms Hotel
"-0,12794","51,52848", GB-Novotel London Euston
"-0,5691","51,76195", GB-Pennyfarthing Hotel
"-0,16375","51,18708", GB-Skylane Hotel
"-0,16387","51,18588", GB-Cambridge Hotel
"-0,1619","51,49189", GB-Blair House Hotel
"-0,14171","51,50711", GB-The Ritz
"-0,2069","51,49081", GB-Talgarth Hotel
"-0,15849","51,49908", GB-London Knightsbridge
"-0,19354","51,4896", GB-Mayflower
"-0,09684","51,52738", GB-Barbican Hotel
"-0,55529","51,23855", GB-Quinns
"-0,13686","51,50911", GB-Le Meridien Piccadilly
"-0,17859","51,49271", GB-Regency
"-0,12684","51,51478", GB-Seven Dials Hotel
"-0,2547","51,36207", GB-Epsom
"-0,12855","51,5084", GB-Trafalgar Square
"-0,21101","51,91618", GB-Archways Lodge
"-0,16897","51,17006", GB-Gatwick Belmont Guest House
"-0,17254","51,49538", GB-Firmdale Hotels
"-0,37512","51,46599", GB-Shalimar Hotel
"-0,22233","51,49872", GB-Hotel Angela
"-0,19311","51,49113", GB-London Tourist Hotel
"-0,32696","51,58054", GB-Gayton Hotel
"-0,20018","51,51223", GB-Gate Hotel
"-0,12269","51,52984", GB-Crestfield Hotel
"-0,14113","51,52217", GB-London - Regents Park
"-0,32224","51,74261", GB-Apples Hotel
"-0,17273","51,51602", GB-Chrysos Hotel
"0,01151","51,57692", GB-Sir Alfred Hitchcock Hotel
"-0,14521","51,49615", GB-Thistle
"-0,14451","51,49162", GB-Buckingham Palace Road
"-0,20847","51,49842", GB-Dumil Hotel
"-0,55187","51,58993", GB-The Ethorpe
"-0,15523","51,51427", GB-Mostyn Hotel
"-0,18656","51,51266", GB-Dean Court Hotel
"-0,15862","51,51954", GB-82 Gloucester Place
"-0,10216","51,37399", GB-Croydon
"-0,30049","51,40124", GB-Hotel Antoinette
"-0,13338","51,49379", GB-Grange Wellington Hotel
"-0,1371","51,51769", GB-Sanderson Hotel
"-0,54747","51,49316", GB-Slough
"-0,19055","51,49476", GB-Shellbourne Hotel
"-0,26655","51,04248", GB-Mannings Heath Hotel
"-0,1365","51,48949", GB-Blades
"-0,14325","51,49299", GB-Quality Hotel Westminster
"0,25212","51,3598", GB-Brands Hatch Thistle
"-0,06046","51,6025", GB-London Marriott Park Lane
"-0,13655","51,48964", GB-Corbigoe Hotel
"-0,15836","51,51685", GB-Marble Arch
"-0,17476","51,514", GB-Hotel Edward
"-0,14258","51,50865", GB-London - Mayfair
"-0,19541","51,41933", GB-Wayfairer
"-0,1599","51,50017", GB-Millennium Knightsbridge
"-0,18124","51,16636", GB-Renaissance-London Gatwick
"-0,1857","51,49396", GB-Abcone Hotel
"-0,18287","51,49512", GB-Montana
"-0,16307","51,51349", GB-Parkwood
"-0,48085","51,48257", GB-Sheraton-London Heathrow
"-0,13218","51,51024", GB-Thistle Piccadilly
"-0,21169","51,46809", GB-Premier Travel Inn L'don Putney Br
"-0,10097","51,56692", GB-Lanark Hotel
"-0,12373","51,50632", GB-Thistle
"-0,18325","51,65576", GB-Hadley Hotel
"-0,40067","51,66198", GB-Watford Moat House
"0,03086","51,54698", GB-Hartley Hotel
"-0,13513","51,52771", GB-Ibis London Euston
"-0,17332","51,51512", GB-Springfield Hotel
"-0,18722","51,51029", GB-Hilton London Hyde Park
"-0,33455","51,40638", GB-The Liongate Hotel
"-0,4111","51,47985", GB-Ramada Jarvis
"0,01639","51,40747", GB-Railway Hotel
"-0,1951","51,11301", GB-Crawley Hotel
"-0,32092","51,41757", GB-Bushey Park Lodge
"-0,51129","51,43181", GB-Thames Lodge
"-0,15583","51,49682", GB-Diplomat
"-0,10206","51,56617", GB-Pembury Hotel
"-0,27688","51,94624", GB-The Fountain
"0,18655","51,88631", GB-Cottage
"-0,29629","51,55383", GB-Elm Hotel
"-0,14129","51,49241", GB-Westminster
"-0,15226","51,50703", GB-Dorchester Hotel
"-0,18542","51,51225", GB-Byron
"-0,14567","51,50847", GB-Chesterfield Mayfair
"-0,11875","51,51245", GB-Le Meridien Waldorf
"-0,49662","51,74214", GB-Boxmoor Lodge
"-0,18956","51,79029", GB-Homestead Court
"-0,09782","51,37643", GB-Fairfield Hotel
"-0,17331","51,51498", GB-Balmoral Hotel
"-0,29102","51,57765", GB-Brent X Hotel
"-0,13107","51,42889", GB-Bedford Park Hotel
"-0,10952","51,53184", GB-Jurys Inn London
"-0,17237","51,51507", GB-Hyde Park Rooms Hotel
"-0,12387","51,51577", GB-Drury Lane Moat House
"-0,14841","51,49493", GB-Harcourt House Hotel
"-0,18892","51,48053", GB-Chelsea Village Hotel
"-0,15041","51,49328", GB-Belgravia Hotel
"-0,03465","51,13842", GB-Gatwick
"-0,19286","51,49187", GB-Rushmore
"-0,01581","51,12938", GB-Jarvis Felbridge
"-0,39999","51,66312", GB-Watford
"-0,58836","51,43467", GB-Savill Court Hotel
"-0,01346","51,47777", GB-Novotel London Greenwich
"-0,13578","51,11879", GB-Worth Hotel-London Gatwick
"-0,25839","51,36426", GB-Premier Travel Inn
"-0,00082","51,45281", GB-Station Hotel
"-0,22111","51,5725", GB-London - Brent Cross
"-0,12793","51,51781", GB-Kenilworth Hotel
"-0,22193","51,68983", GB-South Mimms M25 Jct 23
"0,2068","51,79579", GB-Down Hall Country House
"-0,12743","51,51743", GB-Marlborough
"-0,09734","51,35002", GB-Croydon South
"-0,16691","51,52889", GB-Regents Park
"-0,45001","51,33563", GB-Silvermere Inn On The Lake
"0,25856","51,13152", GB-English House Hotel
"-0,55585","51,32202", GB-Holiday Inn Woking
"-0,18241","51,49416", GB-Millennium Baileys Hotel
"-0,10471","51,79199", GB-White Horse Hertingfordbury
"0,10173","51,42945", GB-Toronto Hotel
"0,06063","51,51515", GB-Premier Travel Inn
"-0,09787","51,56925", GB-Spring Park Hotel
"-0,27827","51,52678", GB-Travelodge London Park Royal
"-0,17387","51,5154", GB-Cardiff Hotel
"-0,17291","51,51476", GB-Europa House Hotel
"-0,09792","51,66012", GB-Enfield
"0,24581","51,13023", GB-Spa Hotel
"-0,12403","51,50826", GB-Royal Adelphi
"0,29065","51,49106", GB-Premier Travel Inn
"-0,09811","51,37618", GB-Jurys
"-0,15874","51,51981", GB-London Continental Hotel
"-0,19019","51,11483", GB-George
"-0,42304","51,56967", GB-Barn Hotel
"-0,19136","51,49406", GB-Hogarth Hotel
"-0,12803","51,51828", GB-Gresham Hotel
"-0,17689","51,51481", GB-Ascot Hotel
"0,04786","51,78445", GB-Briggens House
"-0,14208","51,50709", GB-Ritz
"-0,16969","51,11305", GB-Gatwick - Crawley
"0,27533","51,1967", GB-Rose And Crown
"-0,17206","51,51525", GB-Gower Hotel
"-0,156","51,49722", GB-Sheraton Belgravia
"-0,1726","51,51494", GB-Admiral Hotel
"-0,09286","51,50622", GB-47 Park Street
"-0,4141","51,37332", GB-Walton-On-Thames
"-0,19613","51,10866", GB-Gatwick Crawley
"-0,56907","51,14566", GB-White Horse
"-0,41753","51,33198", GB-Cobham Lodge Hotel
"-0,11829","51,49484", GB-Novotel London Waterloo
"-0,14331","51,51986", GB-Astor Court Hotel
"-0,54568","51,49367", GB-Windsor
"-0,2069","51,49631", GB-Hilton National London Olympia
"-0,14338","51,50686", GB-Radisson Edwardian Mayfair
"-0,56287","51,58688", GB-Bull Hotel
"-0,30694","51,50294", GB-Ealing Guest House
"-0,5031","51,87499", GB-The Highwayman
"-0,12649","51,52618", GB-Avonmore Hotel
"0,06166","51,45321", GB-Eltham Hotel
"-0,16044","51,49928", GB-Searcys Roof Garden Rooms
"-0,15929","51,5208", GB-Bickenhall Hotel
"-0,13629","51,50736", GB-Cavendish St James's
"-0,17325","51,54432", GB-Swiss Cottage
"-0,13191","51,51209", GB-Shaftesbury Hotel
"-0,02349","51,54244", GB-Lea Hotel
"-0,19444","51,48954", GB-Hotel Olympia
"0,03138","51,40976", GB-Grianan Hotel
"-0,14423","51,50773", GB-Mayfair Inter-Continental
"-0,38789","51,48841", GB-Heston (Eastbound) Travelodge
"-0,14857","51,50509", GB-The London Hilton On Park Lane
"-0,12739","51,52776", GB-Mabledon Court
"-0,20622","51,49596", GB-London Olympia
"-0,12522","51,52418", GB-Holiday Inn Bloomsbury
"-0,15431","51,50161", GB-The Berkeley
"-0,59774","51,59622", GB-De Vere Bellhouse
"-0,17416","51,51444", GB-Mitre House Hotel
"-0,16426","51,23654", GB-Ashleigh House
"-0,17248","51,51616", GB-Norfolk Plaza
"-0,17175","51,51543", GB-Abc
"-0,33039","51,23253", GB-White Horse
"-0,13479","51,51843", GB-Charlotte Street Hotel
"-0,20862","51,91271", GB-Corus Hotel Stevenage
"-0,05142","51,44149", GB-Forest Hill Hotel
"-0,10423","51,53533", GB-Hilton
"-0,12375","51,6248", GB-Inkeepers Lodge Southgate
"-0,1377","51,52426", GB-Grafton
"-0,17308","51,51525", GB-Days Hotel
"-0,18927","51,46238", GB-Express By Holiday Inn
"-0,20537","51,42439", GB-Worcester House
"-0,33231","51,58511", GB-Lindal
"-0,14012","51,49133", GB-Sidney Hotel London-Victoria
"-0,41492","51,88053", GB-Luton
"0,16006","51,30186", GB-Donnington Manor Hotel
"-0,47913","51,855", GB-Premier Travel Inn
"-0,12333","51,52882", GB-Princess Hotel
"-0,12357","51,52906", GB-Jesmond Dene Hotel
"-0,21703","51,59379", GB-Hendon Hall
"-0,27426","51,52635", GB-Travelodge
"-0,00888","51,62679", GB-Ridgeway
"-0,19908","51,49035", GB-Philbeach Hotel
"0,01024","51,41014", GB-Blyth Hotel
"0,0036","51,41634", GB-Bromley Court
"-0,14943","51,51025", GB-Connaught
"-0,14371","51,4983", GB-No 41
"-0,11794","51,51774", GB-Chancery Court
"-0,1317","51,52153", GB-Gower House
"0,09623","51,69191", GB-Quality Hotel Epping
"-0,27688","51,5266", GB-London Park Royal
"-0,28496","51,95418", GB-Firs Hotel
"0,00913","51,604", GB-County Hotel Epping Forest
"-0,23967","51,76199", GB-Hatfield Beales Hotel
"-0,18255","51,51033", GB-Kensington Gardens
"-0,23694","51,49258", GB-Vencourt Hotel
"-0,16433","51,52188", GB-Hilton London Harewood
"-0,41808","51,87528", GB-London Counties Residence
"-0,15011","51,5151", GB-Ivanhoe Suite
"-0,26674","51,56583", GB-Aaron Hotel
"-0,05005","51,5334", GB-Camden Society
"-0,08574","51,3819", GB-Apollo Private Hotel
"-0,42508","51,39175", GB-Shepperton
"-0,17555","51,51314", GB-Andrews House Hotel
"-0,15683","51,51553", GB-Churchill Inter-Continental
"-0,20992","51,83359", GB-Quality Hotel Welwyn
"-0,08769","51,65945", GB-Holtwhites
"-0,14984","51,49376", GB-Westminster House
"-0,13882","51,49071", GB-Lidos Hotel
"-0,20876","51,49876", GB-Mara Hotel
"-0,19411","51,49235", GB-Amsterdam
"-0,12677","51,52624", GB-Mentone
"0,03857","51,63252", GB-Roebuck
"-0,1242","51,52018", GB-Lonsdale Hotel
"-0,19485","51,49567", GB-London Lodge Hotel
"-0,11879","51,50084", GB-London Marriott County Hall
"-0,43118","51,26182", GB-Jarvis Thatchers
"-0,38258","51,47909", GB-Vicarage Farm Hotel
"-0,19455","51,60564", GB-Chumleigh Lodge Hotel
"-0,10056","51,50557", GB-London - Southwark
"-0,18367","51,51329", GB-Pavilion
"-0,10377","51,36274", GB-Gomers Hotel
"-0,57366","51,23554", GB-Angel Posting House And Livery
"0,14007","51,78313", GB-Corus (Harlow)
"-0,18981","51,49183", GB-Burns Hotel Kensington
"-0,13649","51,51692", GB-The Berners
"-0,18687","51,50221", GB-Milestone
"-0,28659","51,48339", GB-Coach & Horses Hotel
"-0,24225","51,92828", GB-Stevenage
"-0,17235","51,16357", GB-London Gatwick Airport
"-0,31347","51,34682", GB-Chessington
"-0,18473","51,49495", GB-Stuart Hotel
"-0,00695","51,47897", GB-London Greenwich
"-0,09712","51,43983", GB-Diana Hotel
"-0,18653","51,54412", GB-Dawson House Hotel
"-0,07564","51,51558", GB-London City
"-0,13011","51,50992", GB-Radisson Edwardian Hampshire
"-0,1785","51,55942", GB-La Gaffe
"-0,12697","51,51446", GB-Covent Garden Hotel
"-0,24321","51,7605", GB-Jarvis International Hatfield
"-0,12511","51,67576", GB-Royal Chace Hotel
"-0,12653","51,52814", GB-London Euston
"-0,13596","51,51047", GB-Regent Palace
"-0,14486","51,14284", GB-Crawley
"-0,17353","51,51558", GB-Aa Falcon Hotel
"-0,22758","51,42421", GB-Cannizaro House
"-0,12734","51,5272", GB-London Euston
"-0,18845","51,98986", GB-Rose & Crown Hotel
"-0,114","51,35725", GB-Croydon
"-0,45357","51,90478", GB-Pines Hotel
"-0,20809","51,79209", GB-Welwyn Garden City
"-0,4345","51,88697", GB-Cygnet Hotel
"-0,51284","51,43476", GB-Staines
"-0,45102","51,71683", GB-Kings Langley
"-0,13765","51,50714", GB-Ryder Street Chambers
"-0,13621","51,4894", GB-London - Victoria (Exhi)
"-0,18018","51,51395", GB-Glendale Hydepark Hotel
"-0,04192","51,51028", GB-London - Limehouse
"-0,12274","51,31727", GB-Coulsdon Manor
"0,13302","51,79473", GB-Harlow
"-0,45553","51,49744", GB-Novotel-London Heathrow
"-0,12323","51,5286", GB-Globe
"-0,15123","51,51408", GB-The Selfridge
"-0,45832","51,49373", GB-Holiday Inn-London Heathrow
"-0,40205","51,65635", GB-Travelstop Inn
"-0,46582","51,89222", GB-Luton
"-0,47298","51,63925", GB-The Grove
"-0,14282","51,51112", GB-Westbury Mayfair
"-0,17787","51,51201", GB-Averard Hotel
"-0,11704","51,49401", GB-London Waterloo
"-0,07369","51,54821", GB-Ridley Villas Hotel
"-0,1767","51,16515", GB-London Gatwick
"0,06929","51,50903", GB-Beckton
"-0,19001","51,49476", GB-Majestic Hotel
"-0,22241","51,49844", GB-Crown Hotel
"-0,43514","51,48089", GB-Skyline Hotel
"-0,19052","51,49351", GB-Premier Travel Inn
"-0,19064","51,49363", GB-Premier Travel Inn Capital
"-0,55042","51,24034", GB-Clavadel Hotel
"-0,20724","51,49075", GB-Talgarth
"-0,48223","51,48143", GB-Thistle London Heathrow
"0,04051","51,27416", GB-Premier Travel Inn Clacket Lane E
"-0,00696","51,47347", GB-Hamilton House
"-0,11213","51,38989", GB-Norfolk House
"-0,185","51,50108", GB-Milestone Hotel & Apartments
"-0,16432","51,49808", GB-Knightsbridge Hotel
"-0,15938","51,49314", GB-Eleven Cadogan Gardens
"0,15274","51,45515", GB-Bexley Heath Marriott
"-0,14714","51,11472", GB-Barnwood
"-0,17824","51,49226", GB-Jurys Kensington Hotel
"-0,4693","51,50503", GB-Kings Paget Hotel
"-0,31241","51,41311", GB-Chase Lodge
"-0,14396","51,49696", GB-The Goring
"-0,18617","51,51039", GB-Royal Bayswater Hotel
"0,045","51,57674", GB-Premier Travel Inn
"-0,1276","51,51781", GB-Morgan Hotel
"-0,19615","51,49199", GB-Coronation Hotel
"0,28386","51,45314", GB-Pier Hotel
"-0,22488","51,69031", GB-Holiday Inn South Mimms
"-0,20949","51,79276", GB-Premier Travel Inn
"-0,18316","51,52266", GB-Peel Hotels
"-0,43998","51,45814", GB-London Heathrow Airport
"-0,18055","51,49545", GB-Strathmore
"-0,15718","51,66961", GB-West Lodge Park
"0,02938","51,68127", GB-Waltham Abbey Marriott
"-0,25761","51,52247", GB-London - Park Royal
"-0,09513","51,52698", GB-City Barbican
"-0,12021","51,51978", GB-The Bonnington
"-0,14582","51,49756", GB-Goring
"-0,18349","51,47617", GB-Jurys Inn Chelsea
"-0,4028","51,87244", GB-Luton Airport
"-0,32795","51,29491", GB-Leatherhead
"-0,12398","51,52946", GB-Fairway Hotel
"-0,12411","51,52959", GB-Yorkshire Palace Hotel
"-0,34245","51,58083", GB-Quality Harrow Hotel
"0,2628","51,48569", GB-Premier Travel Inn
"-0,1115","51,66798", GB-Royal Chace
"-0,19508","51,48992", GB-Hotel Earls Court
"-0,28593","51,71868", GB-Colney Fox Inkeepers Lodge
"-0,1809","51,51138", GB-Thistle Hyde Park
"-0,17712","51,51142", GB-London Hyde Park
"-0,14228","51,49159", GB-Warwick Bed & Breakfast
"-0,08342","51,5266", GB-Express By Holiday Inn
"-0,18065","51,51183", GB-Commodore Hotel
"-0,17526","51,49254", GB-Aster House
"-0,38955","51,21565", GB-Hayley Conf Centre-Wotton House
"-0,1445","51,49329", GB-Holiday Inn Victoria
"-0,28609","51,5561", GB-Hilton National Wembley
"-0,1833","51,49133", GB-Cranley
"-0,51449","51,43615", GB-Travelodge
"-0,14732","51,51281", GB-Claridges
"-0,16821","51,17362", GB-Horley
"-0,57364","51,31682", GB-Premier Travel Inn
"-0,27752","51,41791", GB-Kingston Lodge Hotel
"-0,13035","51,51767", GB-St Giles Hotel
"-0,10632","51,79175", GB-White Horse
"-0,31808","51,06583", GB-Horsham
"-0,19273","51,51353", GB-Reem Hotel
"-0,15004","51,4936", GB-Ebury House Hotel
"-0,13598","51,48924", GB-Victoria
"-0,09876","51,56857", GB-Parkside Hotel
"-0,19656","51,49434", GB-Comfort Inn Kensington
"-0,19074","51,11153", GB-Grange Hotel
"-0,12498","51,13305", GB-Copthorne-London Gatwick
"-0,17879","51,5379", GB-Blenheim
"-0,14399","51,49485", GB-Victoria
"-0,5693","51,24809", GB-Premier Travel Inn
"-0,15801","51,49851", GB-Carlton
"-0,18489","51,35799", GB-Eaton Court Hotel
"-0,174","51,51466", GB-Quality Hotel Paddington
"-0,13259","51,52234", GB-Arosfa Hotel
"-0,144","51,5179", GB-Langham Hilton
"-0,09536","51,50571", GB-Novotel
"-0,14353","51,49074", GB-Hanover
"-0,53973","51,43753", GB-Runnymede
"-0,36124","51,66496", GB-Hilton National Watford
"-0,1226","51,53064", GB-Number One
"-0,39624","51,48792", GB-Travelodge Heston M4 Westbound
"-0,16406","51,49774", GB-Beaufort
"-0,18063","51,51431", GB-Atlantic (Paddington)
"-0,56148","51,3179", GB-Woking
"-0,1852","51,13709", GB-Gatwick Airport
"-0,46659","51,89242", GB-Travelodge
"-0,1254","51,49222", GB-City Inn
"-0,31532","51,58206", GB-Harrow
"-0,11241","51,39056", GB-Croydon Court Hotel
"-0,16108","51,51538", GB-Boston Court Hotel
"-0,18391","51,495", GB-Holiday Inn Kensington
"-0,33751","51,58289", GB-Cresent Lodge Hotel
"-0,29517","51,4507", GB-The Richmond Gate Hotel
"0,02868","51,54679", GB-Newham Hotel
"-0,296","51,48685", GB-Travelodge
"-0,21395","51,50514", GB-London Kensington Hilton
"-0,12931","51,51343", GB-Cambridge Hotel
"0,22571","51,50597", GB-Premier Travel Inn
"-0,16457","51,49795", GB-Parkes Hotel
"-0,29702","51,45088", GB-Richmond Hill
"-0,29887","51,45273", GB-Richmond Gate
"0,0332","51,50732", GB-Sunborn Yacht
"-0,13635","51,52354", GB-Grafton Hotel
"-0,1711","51,17146", GB-Gatwick White House
"-0,00436","51,53638", GB-Express By Holiday Inn Stratford
"-0,1726","51,51659", GB-Avon Hotel
"-0,19458","51,36138", GB-London - Sutton
"-0,13191","51,52172", GB-Jesmond Hotel
"-0,52819","51,74116", GB-Hemel Hempstead
"0,0613","51,57644", GB-Ilford North
"-0,19063","51,51425", GB-Garden Court Hotel
"-0,18254","51,49335", GB-Millennium Gloucester
"-0,13782","51,49012", GB-Carlton
"-0,13804","51,49034", GB-Victoria Inn
"-0,17411","51,51182", GB-Royal Lancaster
"-0,03194","51,72054", GB-Cheshunt Marriott
"-0,09853","51,4925", GB-Castle Hotel
"0,21203","51,43402", GB-Abod Hotel
"-0,09583","51,36554", GB-Kirkdale
"-0,47647","51,74849", GB-Southville Hotel
"-0,2134","51,23909", GB-Cranleigh Hotel
"-0,12327","51,31694", GB-Coulsdon Manor
"-0,18557","51,49474", GB-Holiday Inn
"-0,10853","51,38709", GB-Japstow Hotel
"-0,16016","51,49277", GB-Cliveden Town House
"-0,17184","51,51591", GB-Gresham
"-0,18824","51,45705", GB-Brewers Inn
"-0,30335","51,45555", GB-Bingham
"-0,17616","51,49205", GB-Jurys Kensington Hotel
"-0,3253","51,58085", GB-Harrow
"0,19839","51,9454", GB-The Cricketers Arms
"-0,37272","51,47802", GB-Master Robert
"-0,09858","51,50531", GB-Mercure London City Bankside
"-0,23931","51,74536", GB-Hatfield
"0,04172","51,50242", GB-Etap Hotel-London City
"-0,20401","51,45683", GB-Lodge Hotel
"-0,09696","51,56992", GB-Kent Hall Hotel
"-0,13515","51,48947", GB-Corona Hotel
"0,18761","51,41519", GB-Rowhill Grange Country House Hotel
"-0,15537","51,5144", GB-Sussex Hotel
"0,04503","51,39348", GB-Glendevon House Hotel
"-0,00987","51,47959", GB-Greenwich
"-0,27641","51,60829", GB-London Edgware
"-0,18952","51,4946", GB-London Marriott Hotel Kensington
"-0,5241","51,7297", GB-Bobsleigh Inn Hotel
"-0,1163","51,51702", GB-London Chancery Court
"-0,45253","51,89259", GB-Swallow Luton
"-0,33047","51,58137", GB-Cumberland Hotel
"-0,2231","51,49709", GB-Brook Green Hotel
"-0,15699","51,51581", GB-Radisson Sas Portman
"-0,1451","51,50765", GB-Curzon Plaza
"-0,48458","51,89103", GB-Dunstable
"0,12571","51,75593", GB-Harlow Moat House
"-0,19095","51,88362", GB-Roebuck Inn
"-0,17999","51,48909", GB-Blakes
"-0,22785","51,42415", GB-Cannizaro House
"-0,11765","51,50231", GB-London County Hall
"-0,42802","51,75563", GB-Holiday Inn Hemel Hempstead
"-0,35742","51,44694", GB-Twickenham
"-0,48545","51,89132", GB-Premier Travel Inn
"-0,41898","51,8828", GB-Royal Hotel
"-0,58492","51,46325", GB-Innkeepers Lodge Old Windsor
"-0,1676","51,20507", GB-Premier Travel Inn
"-0,18881","51,49245", GB-Kensington
"-0,14537","51,49693", GB-Concorde
"0,26004","51,13443", GB-Russell
"-0,17857","51,41785", GB-Express By Holiday Inn
"-0,4362","51,33323", GB-Cobham
"-0,15359","51,50786", GB-Lucien Barriere
"0,07219","51,53401", GB-Ibis London East Barking
"-0,00666","51,50709", GB-Ibis London Docklands
"0,13262","51,79435", GB-Premier Travel Inn
"-0,1425","51,49681", GB-Westminster
"0,26587","51,13187", GB-Hotel Du Vin And Bistro
"-0,24271","51,75967", GB-Ramada Jarvis Hatfield
"0,2272","51,50495", GB-Rainham
"-0,20789","51,49705", GB-Russell Court
"-0,02587","51,50254", GB-London West India Quay
"0,0678","51,55939", GB-Cedar Hotel
"0,0587","51,60671", GB-Menzies Prince Regent
"-0,29242","51,52911", GB-London - Ealing
"-0,1408","51,50603", GB-St James's Club & Hotel
"-0,18962","51,49546", GB-Apollo
"-0,17918","51,16777", GB-Gatwick Airport
"-0,14251","51,49152", GB-Golden Star Hotel
"-0,11249","51,52659", GB-London Ryan
"-0,11777","51,51213", GB-The Waldorf
"-0,12468","51,51904", GB-Whitehall Hotel
"-0,10305","51,51174", GB-London - The City
"0,26733","51,20395", GB-Langley Hotel
"-0,14575","51,50728", GB-Washington Mayfair Hotel
"-0,14421","51,50601", GB-London Green Park
"-0,1243","51,43557", GB-Leigham Court Hotel
"-0,09188","51,3742", GB-Croydon Park
"-0,3209","51,74177", GB-Quality Hotel St Albans
"-0,222","51,50077", GB-Windsor Guest House
"-0,09393","51,36932", GB-Woodstock Hotel
"-0,00615","51,50588", GB-London Docklands
"-0,17094","51,51622", GB-Monopole Hotel
"-0,17656","51,51376", GB-Royal Park Hotel
"-0,12095","51,51039", GB-Savoy
"0,27529","51,19649", GB-Waw Leisure
"-0,11916","51,52931", GB-Cottespar
"-0,11575","51,52914", GB-Travelodge London Islington
"-0,17198","51,49136", GB-Sydney House
"-0,14841","51,51453", GB-Radisson Edwardian Berkshire
"0,29223","51,49032", GB-Thurrock
"-0,31865","51,45294", GB-St Margarets Guest House
"-0,4821","51,47997", GB-London Heathrow
"-0,148","51,50964", GB-The Connaught
"0,03204","51,50885", GB-London Docklands (Excel)
"-0,17896","51,46487", GB-London Battersea
"-0,11451","51,51117", GB-Raffles International
"-0,17976","51,49819", GB-Eden Plaza
"-0,14155","51,4949", GB-Station Hotel
"-0,16892","51,51903", GB-London Paddington
"-0,59579","51,5949", GB-Bellhouse
"-0,17586","51,54637", GB-Fitzjohns Lodge
"-0,21533","51,41745", GB-Wimbledon Hotel
"0,25386","51,16641", GB-Tunbridge Wells
"-0,08267","51,37946", GB-Croydon Hotel
"-0,24725","51,49782", GB-Brook Hotel
"-0,20525","51,49409", GB-Avonmore Hotel
"-0,38698","51,65432", GB-Premier Travel Inn
"0,26303","51,48911", GB-Thurrock Hotel
"-0,15936","51,51503", GB-Montcalm Nikko London
"-0,07029","51,57282", GB-Kadimah Hotel
"-0,24103","51,76202", GB-Beales Hotel
"-0,16071","51,50085", GB-Basil Street
"-0,28677","51,47611", GB-Kew Gardens Hotel
"-0,44192","51,37525", GB-Oatlands Park Hotel
"-0,13905","51,4907", GB-Park Hotel
"-0,19026","51,51012", GB-Westland Hotels
"-0,18036","51,50102", GB-John Howard
"0,26912","51,61024", GB-Holiday Inn Brentwood
"-0,20533","51,77408", GB-Bush Hall
"-0,36249","51,31722", GB-Woodlands Park Hotel
"-0,14141","51,51354", GB-5 Maddox Street
"-0,09197","51,35032", GB-Claremont Hotel
"-0,12736","51,5266", GB-Jenkins Hotel
"-0,37998","51,50391", GB-Hotel Iccon
"-0,18374","51,49763", GB-Citadines Appart Hotel
"-0,14968","51,51188", GB-London Grosvenor Square
"-0,14484","51,45559", GB-Dudley Hotel
"-0,4912","51,70373", GB-Two Brewers
"-0,18642","51,51222", GB-Berjaya Eden Park
"-0,36011","51,58502", GB-Euro Hotel
"-0,11795","51,35762", GB-Aerodrome
"-0,16077","51,51543", GB-Hadleigh Hotel
"-0,03469","51,81549", GB-Roebuck Hotel
"-0,20856","51,50521", GB-Halcyon
"-0,1138","51,52662", GB-Holiday Inn Kings Cross
"-0,1824","51,51257", GB-Century
"-0,18129","51,51212", GB-Hyde Park
"-0,12112","51,51067", GB-Strand Palace
"-0,36428","51,46507", GB-Treaty Lodge Hotel Function Room
"0,11253","51,69986", GB-Thatched House
"-0,19248","51,49302", GB-New Aquarius Hotel
"-0,1792","51,48695", GB-Chelsea Lodge
"0,24653","51,13027", GB-Spa
"-0,2909","51,57398", GB-Croft Court Hotel
"-0,42541","51,39194", GB-Shepperton Moat House Hotel
"0,28041","51,18332", GB-Tonbridge
"-0,17306","51,51694", GB-Hana Hotel
"-0,30477","51,51599", GB-Caspian Hotel
"0,14035","51,78314", GB-Corus Hotel Harlow
"-0,17542","51,51173", GB-Mornington Hotel
"-0,09908","51,48959", GB-Eurotraveller Hotel Elephant
"-0,14921","51,50585", GB-London Mews Hilton
"-0,57977","51,9275", GB-Dunstable Hockliffe
"-0,14614","51,54052", GB-London - Camden Lock
"-0,30092","51,40168", GB-Hotel Antoinette
"-0,27902","51,41907", GB-Kingston Lodge
"0,04575","51,53146", GB-Central
"-0,28153","51,53753", GB-London - Wembley - North Circular Road
"-0,17299","51,51449", GB-Linden House
"-0,21499","51,55649", GB-Crown Moran Hotel
"-0,1178","51,51141", GB-One Aldwych
"-0,40675","51,32743", GB-Cedar House
"-0,14176","51,49198", GB-Dover Hotel
"-0,40363","51,51742", GB-Hayes (Heathrow)
"-0,3166","51,58275", GB-Premier Travel Inn
"-0,349","51,75297", GB-St Michaels Manor
"-0,15645","51,51458", GB-Mostyn
"-0,15633","51,51446", GB-Thistle Marble Arch
"-0,14771","51,51635", GB-London - Oxford Circus
"-0,41981","51,8835", GB-Leaside Hotel
"-0,19074","51,49346", GB-Earls Court Gardens Hotel
"0,0719","51,56143", GB-Balfour Hotel
"-0,17991","51,5136", GB-Paddington Court Hotel
"-0,18644","51,49467", GB-Park International
"-0,07921","51,499", GB-Premier Travel Inn L'don Tower Br
"-0,1455","51,49239", GB-Holly House Hotel
"0,03284","51,62378", GB-London - Buckhurst Hill
"-0,11396","51,52904", GB-Islington
"-0,13378","51,49876", GB-Hilton London St Ermins
"-0,1757","51,49306", GB-Number Sixteen
"-0,17742","51,56009", GB-Sandringham
"-0,12272","51,50539", GB-The Royal Horseguards
"-0,31702","51,58214", GB-St Nicholas
"-0,09855","51,56876", GB-Parkside Hotel
"-0,11583","51,35806", GB-Hilton National Croydon
"-0,16502","51,51472", GB-Griffin House Hotel
"-0,134","51,11595", GB-Gatwick Worth Hotel
"-0,2891","51,51105", GB-London West
"-0,13218","51,52196", GB-Regency House Hotel
"-0,37122","51,54464", GB-Northolt
"-0,21909","51,49138", GB-London West
"-0,18977","51,49297", GB-Merlyn Court Hotel
"-0,18305","51,35693", GB-Albion Private Hotel
"-0,13238","51,52215", GB-Arran House Hotel
"0,15352","51,4467", GB-Holiday Inn London-Bexley
"-0,18313","51,51189", GB-Craven Gardens Hotel
"-0,12247","51,53233", GB-London King's Cross
"0,01057","51,49244", GB-Express By Holiday Inn Greenwich
"-0,19678","51,5107", GB-Hilltop Hotel
"-0,21955","51,49217", GB-Novotel London West
"0,00408","51,41712", GB-Bromley Court
"-0,18841","51,49392", GB-Ambassadors Hotel
"-0,12221","51,5138", GB-Fielding
"-0,50617","51,87598", GB-Highwayman
"-0,17981","51,54962", GB-Hampstead
"-0,14559","51,54034", GB-Holiday Inn
"-0,18429","51,51051", GB-Thistle Kensington Gardens
"-0,39002","51,13689", GB-Gatton Manor
"-0,13826","51,49032", GB-Days Inn
"-0,32717","51,73572", GB-Sopwell House Hotel & Country Club
"0,00121","51,44661", GB-Star House Bed And Breakfast
"-0,14611","51,59194", GB-Queens Hotel
"-0,19962","51,49199", GB-Beaver Hotel
"-0,10357","51,39741", GB-Crystal Lodge
"-0,0357","51,64218", GB-Railway Hotel
"-0,17271","51,51453", GB-Paddington
"-0,07525","51,5104", GB-City
"-0,13242","51,50718", GB-Sofitel St James London
"-0,16235","51,49688", GB-57 Pont Street
"-0,27997","51,50384", GB-Acton Town
"-0,18299","51,49545", GB-Rydges Kensington Plaza
"-0,19623","51,49272", GB-Kensington Court Hotel
"-0,50074","51,94735", GB-Toddington
"-0,14296","51,52224", GB-Holiday Inn Regents Park
"-0,51095","51,43121", GB-Thames Lodge
"-0,5026","51,39189", GB-Crown
"-0,12349","51,51943", GB-Buckingham
"0,23287","51,58274", GB-Palms Hotel
"0,03377","51,0731", GB-Ashdown Park
"-0,49134","51,48008", GB-Heathrow Lodge
"-0,51634","51,4323", GB-Anne Boleyn Hotel
"-0,00041","51,51157", GB-London Docklands
"-0,18599","51,60675", GB-Ballards Hotel
"-0,16066","51,52403", GB-Regents Park Hotel
"-0,45012","51,71705", GB-Premier Travel Inn
"-0,53075","51,88371", GB-Pheasant Inn
"-0,11874","51,58246", GB-Smart
"-0,15332","51,36665", GB-Dukes Head
"-0,17049","51,49616", GB-Rembrandt
"-0,18505","51,50122", GB-Thistle Kensington Park
"-0,1436","51,52476", GB-Melia White House
"-0,19365","51,49089", GB-Mowbray Court Hotel
"-0,42608","51,43609", GB-Hounslow Channins Hotel
"0,14076","51,58038", GB-Romford
"-0,11164","51,49669", GB-Days Inn Waterloo
"-0,15693","51,52091", GB-Sherlock Holmes
"-0,44155","51,3747", GB-Oatlands Park Hotel
"-0,12456","51,51961", GB-White Hall
"-0,17505","51,51251", GB-Royal Lancaster
"-0,35143","51,75448", GB-Black Lion Inn
"-0,3268","51,07246", GB-Wimblehurst Hotel
"-0,12876","51,55551", GB-Europa House Hotel
"-0,12234","51,52639", GB-Acorns Hotel
"-0,18628","51,51153", GB-Radnor Hotel
"-0,18494","51,5104", GB-Park Lodge Hotel
"-0,1168","51,52926", GB-Swinton
"-0,19135","51,51344", GB-Ascott International
"-0,11855","51,50208", GB-County Hall
"-0,16002","51,51547", GB-Rose Court Hotel
"-0,28994","51,64099", GB-Corus Hotel Elstree
"-0,02108","51,67566", GB-Premier Travel Inn Metro
"-0,17838","51,16573", GB-Gatwick
"-0,14526","51,10553", GB-Europa Gatwick
"-0,14372","51,59155", GB-Raglan Hall
"0,00994","51,46915", GB-Clarendon
"-0,07553","51,51212", GB-Chamberlain Hotel
"-0,39926","51,34056", GB-Premier Travel Inn
"-0,18098","51,49523", GB-Radisson Edwardian Vanderbilt
"-0,29972","51,45851", GB-Dukes Head Inn
"-0,12217","51,51994", GB-Bonnington In Bloomsbury
"-0,09886","51,35755", GB-Haling Park Hotel
"-0,15643","51,51671", GB-Wigmore Court
"-0,52673","51,72887", GB-Bobsleigh Inn
"-0,18246","51,49518", GB-Vanderbilt Hotel
"-0,12249","51,53195", GB-Premier Travel Inn
"0,18794","51,58212", GB-Coach House
"-0,17355","51,16982", GB-Corner House Hotel
"-0,47926","51,85861", GB-Dunstable (South)
"0,25415","51,13152", GB-New Wellington Hotel
"0,19906","51,87391", GB-Stansted Manor Hotel
"-0,22996","51,97865", GB-Broadway
"-0,20356","51,39192", GB-Travelodge
"-0,53047","51,74172", GB-Premier Travel Inn
"0,07436","51,53424", GB-Barking
"-0,12455","51,48085", GB-Comfort Inn Vauxhall
"-0,18334","51,5272", GB-Warrington Hotel
"-0,14131","51,51913", GB-Grange Langham Court
"-0,14453","51,49131", GB-Elizabeth Hotel
"-0,18851","51,53521", GB-London Maida Vale
"-0,16518","51,2051", GB-Redhill
"-0,16083","51,52422", GB-Four Seasons
"-0,14272","51,49255", GB-Alexander Hotel
"-0,16131","51,50024", GB-Capital
"-0,19033","51,49336", GB-Oki Hotel Kensington
"-0,10414","51,57776", GB-London Shelton Hotel
"-0,19345","51,49103", GB-Oxford Hotel
"-0,12207","51,52644", GB-St Athan's
"-0,23873","51,49337", GB-Vencourt
"-0,26268","51,52062", GB-Ramada Encore London West
"-0,18304","51,51281", GB-Caring Hotel
"-0,14191","51,49217", GB-Victoria
"0,13296","51,79126", GB-Oasis
"-0,06418","51,09405", GB-Gravetye Manor
"-0,19142","51,49388", GB-Green Court
"-0,11627","51,35717", GB-Croydon
"-0,17847","51,14518", GB-Gatwick Airport
"-0,07176","51,50609", GB-Tower
"0,03994","51,53119", GB-West Ham
"-0,15253","51,50062", GB-Halkin
"-0,16746","51,80925", GB-Tewin Bury Farm
"-0,19216","51,49337", GB-Enterprise Hotel
"0,23689","51,58131", GB-Palms
"-0,01853","51,60287", GB-Express By Holiday Inn
"-0,16049","51,52259", GB-Dorset Square
"-0,13586","51,49796", GB-51 Buckingham Gate Suites
"-0,18647","51,49255", GB-St Simeon
"-0,26128","51,663", GB-Oaklands
"-0,29811","51,46152", GB-Richmond Inn Hotel
"-0,07778","51,51583", GB-Travelodge London City
"-0,31809","51,23646", GB-Travelodge
"-0,15127","51,51695", GB-Mandeville
"-0,20596","51,8857", GB-Stevenage
"-0,23335","51,58036", GB-Peacehaven
"-0,16194","51,5205", GB-Wyndham
"-0,07754","51,49897", GB-London Tower Bridge
"-0,17863","51,49762", GB-Kensington
"-0,2447","51,92609", GB-Blakemore Thistle
"0,24129","51,45334", GB-Dartford Bridge
"-0,13233","51,51485", GB-Hazlitts
"-0,06325","51,44577", GB-Woodvale Hotel
"-0,19926","51,59293", GB-Regent Lodge Hotel
"-0,12239","51,5286", GB-Kings Hotel
"-0,10907","51,39553", GB-Stonebridge Lodge Hotel
"0,0091","51,46812", GB-The Clarendon Hotel
"-0,13717","51,48981", GB-Express By Holiday Inn
"-0,13758","51,49879", GB-Crowne Plaza London St James
"0,03366","51,55353", GB-Forest Gate Hotel
"-0,1792","51,16704", GB-Moat House-London Gatwick
"-0,17762","51,49504", GB-Gainsborough
"-0,42274","51,47963", GB-London Heathrow
"-0,15503","51,51127", GB-Hotel Marriott
"-0,15853","51,51477", GB-Edward Lear
"-0,42162","51,82116", GB-Luton - Hemel
"-0,18225","51,47626", GB-Conrad International London
"-0,43207","51,4806", GB-London - Heathrow - Ariel
"-0,26775","51,32387", GB-Chalk Lane
"-0,15052","51,5123", GB-London Marriott
"-0,18041","51,51414", GB-Savers Hotels
"-0,32774","51,55933", GB-Sudbury Hotel
"-0,12311","51,53032", GB-Northumberland Hotel
"-0,13712","51,49882", GB-Central University Of Iowa
"-0,14524","51,4925", GB-Cherry Court Hotel
"-0,08946","51,37257", GB-Croydon Park
"-0,17942","51,51334", GB-Lancaster Hall Hotel
"-0,25462","51,49279", GB-Foubert's Hotel
"-0,19284","51,49143", GB-Windsor House Hotel
"-0,29691","51,45528", GB-Marlborough Hotel
"0,01879","51,57262", GB-Sunningdale Hotel
"-0,17486","51,16117", GB-Le Meridien-London Gatwick
"-0,16519","51,51524", GB-Redland House
"0,23836","51,45625", GB-Express By Holiday Inn
"-0,13955","51,48873", GB-St George's Hotel
"-0,06577","51,46464", GB-Rye Hotel
"-0,03895","51,14002", GB-Premier Travel Inn
"-0,31934","51,06651", GB-Premier Travel Inn
"-0,18529","51,51156", GB-Central Park Hotel
"-0,43625","51,48085", GB-Sheraton Skyline-London Heathrow
"-0,11788","51,3616", GB-Premier Travel Inn
"-0,12864","51,42763", GB-Stanthorpe Hotel
"-0,19144","51,49037", GB-Earls Court
"-0,28045","51,56237", GB-London Wembley
"-0,28333","51,55532", GB-Ibis London Wembley
"-0,13034","51,50899", GB-Thistle Trafalgar Square
"-0,13029","51,52022", GB-Staunton Hotel
"-0,13043","51,52036", GB-Academy
"-0,45056","51,48192", GB-Park Inn-London Heathrow
"-0,18271","51,51124", GB-Elite Lodge
"-0,15266","51,50245", GB-Lanesborough
"-0,03397","51,50399", GB-Holiday Inn
"-0,38837","51,48835", GB-Travelodge Heston M4 Eastbound
"-0,18774","51,78901", GB-Homestead Court Hotel
"-0,12408","51,50687", GB-Citadines Hotel
"-0,19418","51,51599", GB-Rhine Hotel
"-0,15062","51,50552", GB-London Hilton On Park Lane
"0,07317","51,26638", GB-Royal Hotel
"-0,19083","51,46024", GB-Wandsworth - Battersea
"-0,31346","51,38604", GB-Ditton Lodge
"-0,21978","51,30441", GB-Heathside
"-0,13112","51,5133", GB-Outlet 4 Holidays
"-0,13878","51,5054", GB-The Stafford
"-0,27011","51,32876", GB-Epsom
"-0,42674","51,75496", GB-Hemel Hempstead M1 Jct 8
"-0,19908","51,49192", GB-Exhibition Court Hotel 3
"-0,14376","51,50606", GB-Flemings Mayfair
"-0,38862","51,29015", GB-Bookham Grange
"-0,10518","51,50708", GB-Mad Hatter
"-0,14438","51,5092", GB-Holiday Inn Mayfair
"-0,27835","51,61125", GB-Railway Hotel
"-0,18107","51,49341", GB-Bailey's
"-0,21305","51,239", GB-Cranleigh
"-0,18058","51,5125", GB-Kent Hotel
"-0,08175","51,51728", GB-Great Eastern Hotel
"-0,34964","51,62075", GB-Grims Dyke
"-0,12136","51,52948", GB-Kings Cross
"-0,45435","51,4939", GB-London - Heathrow M4 Jct 4
"-0,12706","51,51389", GB-Radisson Edwardian Mountbatten
"-0,11799","51,50221", GB-Premier Travel Inn London C'ty Hall
"-0,15605","51,15616", GB-London Gatwick Airport
"-0,22279","51,50338", GB-Grantly Hotel
"0,06992","51,5635", GB-Cranbrook Hotel
"0,00736","51,88587", GB-Vintage Court
"-0,37593","51,65394", GB-Grove End Hotel
"-0,43866","51,48103", GB-London Heathrow
"-0,41563","51,88127", GB-Thistle Strathmore
"0,26219","51,48377", GB-Thurrock
"-0,1656","51,12563", GB-Gatwick
"-0,31522","51,34635", GB-Premier Travel Inn
"-0,19289","51,51279", GB-Comfort Inn
"-0,19411","51,49283", GB-Court Hotel
"-0,08966","51,35888", GB-Normanton Park Hotel
"-0,12818","51,50961", GB-Hampshire Hotel
"-0,14215","51,2359", GB-Nutfield Priory
"0,0656","51,56366", GB-Melville Guest House
"-0,32796","51,06227", GB-Ye Olde Kings Head Hotel
"-0,45533","51,48179", GB-Holiday Inn-London Heathrow
"-0,16266","51,52151", GB-Landmark London
"-0,34332","51,58105", GB-Harrow
"-0,17095","51,54405", GB-Swiss Cottage Hotel
"-0,05237","51,54024", GB-Wells Hotel
"-0,1589","51,50208", GB-Sheraton Park Tower
"-0,40969","51,47956", GB-Heathrow
"-0,14742","51,50767", GB-Chesterfield
"-0,14574","51,50447", GB-The Park Lane Hotel
"-0,17886","51,50025", GB-John Howard Hotel
"-0,18926","51,49297", GB-London Kensington
"-0,1404","51,49013", GB-Caswell Hotel
"-0,10331","51,52264", GB-Zetter
"-0,1494","51,49411", GB-Alison House Hotel
"-0,1586","51,5193", GB-Georgian Hotel
"0,09765","51,69188", GB-Epping
